index,prediction
57174,0
57193,0.47 fluid ounce
57196,0
57200,3 pound
57206,0
57216,0
57217,0
57218,580 gram
57228,0
57233,190 millilitre
57240,0
57254,0
57259,500 millilitre
57261,0
57262,21 volt
57264,0
57265,0
57279,1700 watt
57280,0
57288,220 pound
57289,13.8 kilogram
57293,0
57301,0
57305,0
57310,300.0 pound
57311,54 pound
57312,0
57322,0
57336,0
57340,0
57344,11.5 fluid ounce
57348,16 gram
57356,48 volt
57357,22 watt
57358,9.0 ton
57359,330.0 pound
57369,56 gram
57380,220.0 pound
57381,0
57383,50.0 pound
57384,0
57385,0
57386,0
57387,70 gram
57388,0
57390,6352449 ton
57399,10 gram
57407,0
57408,0
57413,0
57414,0
57419,0
57425,21 volt
57439,0
57442,4 ton
57458,1600 watt
57459,110 volt
57461,2 ounce
57463,77 gram
57475,1 ton
57486,220.0 pound
57491,340 gram
57494,0
57496,25 pound
57503,85 gram
57505,0
57506,0
57509,17 fluid ounce
57514,8.04 millilitre
57515,129 gram
57520,300.0 pound
57522,29 gram
57525,330.0 pound
57526,230 volt
57532,2 ounce
57568,0
57569,0
57570,0.4 kilogram
57576,0
57582,0
57583,12 pound
57584,0 watt
57585,0
57596,0
57603,35.0 pound
57606,60 millilitre
57608,330.0 pound
57611,0
57619,0
57620,0
57621,39.7 pound
57624,30 ton
57626,2.46 kilogram
57630,0
57633,0
57639,21 volt
57641,15 gram
57647,0
57648,0
57655,0
57663,5 volt
57665,0
57669,212.6 gram
57672,0
57679,0
57683,100 gram
57684,891 gram
57691,0
57694,0
57697,5 gram
57701,078 gram
57702,0
57710,210 millilitre
57715,0
57716,0
57719,330.0 pound
57720,0
57721,0
57722,5.5 pound
57733,1. ton
57734,0
57744,0
57754,65 watt
57755,0
57759,0.79 pound
57776,300.0 pound
57779,220 pound
57785,67.0 gram
57786,67 gram
57817,50 gram
57818,7.0 ton
57828,0
57842,165 gram
57843,0
57846,28.0 pound
57850,1 ton
57851,0
57852,0
57858,70 gram
57876,0
57888,0 millilitre
57898,0
57899,0
57911,15.2 volt
57912,8 ton
57914,0
57915,0.95 kilogram
57920,0
57921,0
57925,0
57926,4 ton
57929,1.8 pound
57930,0
57931,0
57932,0
57951,0
57952,0.0 pound
57953,0
57960,10 gram
57972,0
57973,0
57988,12 fluid ounce
57989,0
58009,0
58020,0
58021,0
58022,250.0 pound
58032,04 gram
58036,0
58039,0
58043,150.0 kilogram
58049,350 pound
58050,350.0 pound
58051,55 pound
58057,0
58061,0
58062,0
58063,0
58064,0
58067,0
58068,0
58086,8 gram
58087,0
58109,55 pound
58112,0
58114,50.0 pound
58118,36.0 pound
58131,0
58132,0
58142,0
58143,0
58147,11.3 kilogram
58152,0
58153,18 volt
58154,0
58171,20 volt
58172,0
58176,0
58177,26.0 pound
58181,0
58191,0
58192,0
58196,0
58207,5 pound
58214,660.0 pound
58224,0
58234,0
58235,220 volt
58245,0
58249,33.0 pound
58253,161 watt
58254,120 volt
58255,4.0 watt
58256,12 volt
58259,240 volt
58260,0
58261,0
58277,0
58278,15 watt
58286,0
58289,0
58297,0
58298,0
58299,0
58315,2 volt
58316,8 watt
58325,0
58326,0
58327,0
58329,2 volt
58357,0
58362,0
58369,0
58382,20.4 gram
58393,0
58401,0
58412,0
58421,15 millilitre
58422,0
58426,0
58427,0
58428,0
58429,0
58430,0
58433,0
58443,4 ton
58444,0
58445,66.0 pound
58446,10 gram
58456,0
58457,0
58458,0
58460,150.0 kilogram
58484,70 pound
58485,70.0 pound
58503,85 gram
58504,0
58512,0
58527,0
58528,21.6 volt
58529,0
58532,0
58533,0
58537,115 volt
58538,60 watt
58539,0
58552,0
58567,0
58569,135.0 pound
58570,0
58571,0
58588,0
58589,0
58590,6.2 gram
58591,100.0 pound
58610,0
58617,3.0 kilogram
58625,8 kilogram
58626,0
58646,50.0 pound
58655,0
58658,0
58660,0
58667,0
58672,554 ton
58676,0
58677,0
58680,32 fluid ounce
58682,330.0 pound
58685,0
58686,0
58687,71 ton
58688,0
58689,8 gram
58690,0
58700,0
58701,6 volt
58707,0.8 ounce
58710,33 pound
58719,330.0 pound
58729,0
58732,0
58733,41.0 gram
58737,320 gram
58738,0
58740,0
58746,0
58755,4 litre
58760,120 millilitre
58763,12.3 kilogram
58775,0
58795,6.0 pound
58796,6 pound
58806,3.0 gram
58818,353 gram
58823,8 gram
58826,870 watt
58827,0
58828,0
58841,10.0 kilogram
58868,0
58872,0
58874,1 pound
58877,1.1 ounce
58887,7 gram
58892,0
58893,0
58899,4 volt
58902,0
58904,0
58910,600 gram
58913,0
58917,8 fluid ounce
58918,66.0 pound
58920,0
58927,0
58933,4 ounce
58935,0
58945,29.5 millilitre
58955,0.1 watt
58956,0
58957,0
58964,0
58965,79 volt
58972,110 volt
58979,0
58982,7 watt
58983,0
58992,500 watt
58998,0
58999,1600 watt
59004,0
59008,1 litre
59009,44.0 pound
59010,275.0 pound
59016,35.3 ounce
59025,0
59041,2 ounce
59045,4 ton
59047,0
59065,0
59066,2.9 watt
59067,0
59072,2 ounce
59077,0
59080,0
59081,0
59083,265.0 pound
59088,0
59089,51 ton
59090,0
59102,8 ton
59110,0
59111,0
59119,1 ton
59120,0
59121,0
59125,0
59146,300.0 kilogram
59147,0
59148,0
59149,51 ton
59150,120 watt
59151,12 volt
59155,0
59157,0
59160,0
59166,600 gram
59170,0
59171,51 ton
59172,0
59176,2.83 kilogram
59177,0
59180,0
59187,180 gram
59191,21 volt
59199,0
59207,6 gram
59215,2 volt
59216,0
59217,1000 watt
59220,0
59237,0
59238,13 watt
59241,0
59245,7 ton
59248,8 gram
59252,220.0 pound
59256,110 millilitre
59280,8 fluid ounce
59288,0
59289,0
59290,0
59299,033030 ton
59300,80 watt
59301,0
59307,0 watt
59308,0
59309,0
59310,265.0 pound
59323,0
59324,0
59325,0
59335,0
59340,0
59343,18 pound
59349,1.5 pound
59366,0
59367,0
59369,0
59377,0
59378,0
59396,0
59398,9.2 ounce
59403,0
59411,224 gram
59416,18 volt
59420,16 pound
59421,0
59423,265.0 pound
59450,0
59451,0
59452,51 ton
59456,1 pound
59466,3 gram
59467,0
59468,0
59469,35.0 kilogram
59470,0
59471,0
59474,0
59475,0
59477,0
59490,0
59507,2 gram
59510,0
59523,40 gram
59524,330.0 pound
59525,0
59527,6.4 pound
59536,0
59538,300.0 pound
59549,138 gram
59550,138.0 gram
59562,330.0 pound
59570,330.0 pound
59571,10 kilogram
59572,10.0 kilogram
59574,4.73 litre
59576,0
59579,0
59584,0
59585,0
59587,0
59592,8 gram
59601,0
59610,5 millilitre
59617,0
59630,0
59631,0
59632,0
59633,20 volt
59642,1034 litre
59649,0
59652,175.0 pound
59657,320 gram
59662,9 gram
59666,0
59671,0
59672,0
59673,0
59674,3 pound
59680,0
59684,0
59689,0
59718,0
59737,0
59744,0
59746,33.0 pound
59748,0
59751,0
59752,0
59753,750 watt
59780,9.2 kilogram
59781,112 gram
59782,125.0 pound
59786,12 fluid ounce
59801,0
59803,56 gram
59810,5 decilitre
59821,0
59822,0
59828,15 pound
59834,201 gram
59835,201.0 gram
59840,0
59842,0
59843,0
59844,0
59866,8.5 fluid ounce
59867,330.0 pound
59879,700 watt
59881,0
59886,0
59890,0
59915,21 gram
59919,0
59920,1114 watt
59928,4.3 watt
59929,12 volt
59935,5 fluid ounce
59936,0
59952,0
59962,0
59963,0
59970,730 millilitre
59971,0
59972,0
59978,110 volt
59979,0
59980,85 watt
59986,250 gram
60009,700 watt
60010,0
60011,220 pound
60032,0
60037,4 volt
60039,0
60040,0
60041,604818 volt
60042,0
60044,0
60047,16.9 fluid ounce
60048,0
60049,0
60050,0
60053,0
60060,0
60061,25.0 pound
60069,0
60073,1000.0 ton
60078,18 volt
60079,0
60080,0
60081,0
60087,0
60090,4 ton
60094,5 gram
60097,0
60105,0
60116,0
60125,0
60133,0
60142,0
60173,0
60178,0
60179,0
60186,280.0 pound
60207,92 gram
60221,0
60222,43 watt
60223,0
60236,750 millilitre
60237,0
60250,8.0 ton
60251,8 volt
60254,22 watt
60255,48 volt
60264,0
60271,0
60278,0
60279,0
60280,1.4 kilogram
60287,330 pound
60293,0
60294,0
60295,48 watt
60298,0
60299,0
60300,0.01 pound
60308,225.0 pound
60309,0
60314,0
60320,0
60326,0
60327,0
60335,20 ton
60336,20.0 ton
60337,100.0 kilogram
60341,0
60348,275.0 pound
60357,0
60358,0
60359,0
60362,0
60363,0
60365,550 watt
60366,0
60391,624 gram
60392,0
60393,0
60397,0
60398,0
60405,12 volt
60406,0
60416,0
60433,1500 watt
60434,6 volt
60437,0
60443,0
60457,0
60458,220 volt
60472,6 gram
60523,0
60537,0
60541,411 gram
60550,0
60555,0
60556,0
60574,0
60575,0
60576,24 watt
60578,0
60584,0
60585,21.8 watt
60586,0
60587,0
60588,110.0 pound
60605,0
60611,34 gram
60635,0
60636,3.2 pound
60637,4.5 volt
60638,0.5 watt
60639,18650 gram
60644,0
60653,0
60654,0
60657,0.65 kilogram
60662,8 ton
60666,3 volt
60667,0
60668,0
60669,0
60670,0
60690,0
60696,0
60700,0
60708,226 gram
60711,1250 watt
60725,0
60733,0
60744,0
60745,0
60749,14 watt
60750,240 volt
60783,0
60784,2714 watt
60785,0
60786,397 gram
60790,0
60791,770 watt
60808,880.0 pound
60810,2.35 kilogram
60812,0
60814,0
60815,1360 watt
60836,0
60837,0
60858,120 volt
60859,0
60860,65 watt
60873,20 litre
60874,132 pound
60886,3.2 pound
60893,800 gram
60897,04 watt
60898,0
60905,0
60907,0
60916,100 gram
60919,0
60931,0
60932,0
60933,0
60938,17 pound
60940,0
60945,0
60953,8 ton
60956,0
60958,330.0 pound
60963,24 volt
60964,0
60972,35.0 pound
60984,51050 litre
61005,51 ton
61006,0
61007,0
61012,0
61013,0
61019,0
61040,0
61042,0
61043,0
61048,0
61049,0
61058,11 pound
61079,0
61081,12.0 ton
61086,15 gram
61093,120 volt
61094,1800 watt
61095,0
61107,2.1 pound
61108,0
61126,0
61137,0
61141,0
61142,0
61151,0
61180,400 pound
61187,0
61194,0
61197,244.0 gram
61199,0
61214,8.16 pound
61223,0
61224,70 watt
61225,0
61226,0
61229,0
61236,0
61252,250.0 pound
61265,0
61266,0
61272,0
61276,1.75 litre
61277,0
61278,350 watt
61308,900.0 pound
61327,0
61328,0
61350,0
61351,750 watt
61352,0
61372,0
61374,0 watt
61375,0
61376,0
61387,240.0 pound
61396,0
61397,073 watt
61400,0
61420,12 volt
61421,0
61429,8 ton
61441,0
61444,199 gram
61445,77 gram
61446,50.0 pound
61451,0
61452,0
61453,21 watt
61454,0.0 pound
61466,0
61467,8 ounce
61471,0
61474,0 watt
61480,0
61491,0
61507,0
61508,0
61511,8 litre
61522,3.8 volt
61523,5 volt
61528,12 ounce
61531,50 ton
61532,3781394 volt
61543,0
61544,17 gram
61560,0
61563,330.0 pound
61568,0
61569,51 ton
61570,0
61571,1 watt
61572,4 volt
61589,0
61603,3221 ton
61621,0
61628,21 volt
61639,15.0 kilogram
61653,340 gram
61667,0
61668,0
61673,0
61688,36 volt
61692,1200.0 pound
61693,1200.0 pound
61697,0
61700,3.5 pound
61708,0
61710,0
61713,21 millilitre
61719,0
61744,0
61747,0
61752,0
61762,0
61763,220 volt
61764,600 watt
61770,12 volt
61775,0
61789,264.5 pound
61802,0
61803,0
61824,010 volt
61838,0
61853,080 ton
61858,0
61859,0
61860,120 volt
61861,0
61866,0
61867,0
61868,350 watt
61893,2.49 pound
61903,0
61905,0
61907,0
61923,21.6 gram
61929,170 gram
61944,825 watt
61945,01 ton
61947,2 watt
61948,25 volt
61957,4 volt
61961,4 ton
61969,0
61977,12 volt
61986,0
61987,0
61990,140.0 gram
61993,6 gram
62001,0
62002,2 litre
62004,0
62005,0
62006,51 ton
62010,3 volt
62011,0
62017,13.4 pound
62029,0
62041,7 fluid ounce
62057,0
62061,0
62062,160 gram
62065,0
62069,0
62074,440.0 pound
62075,440.0 pound
62093,150.0 pound
62133,0
62134,0
62144,265.0 pound
62145,16 ounce
62146,0
62150,0
62151,0
62152,0
62158,0
62159,4 watt
62174,0
62175,6 ton
62177,15 pound
62187,400.0 pound
62200,0
62201,0
62202,150.0 kilogram
62207,0
62216,20 fluid ounce
62221,0
62229,260.0 pound
62233,12 volt
62235,0
62237,3 litre
62257,0
62270,1 gram
62275,238 gram
62281,0
62293,0
62308,0
62333,05 pound
62334,0
62339,32 fluid ounce
62346,0
62347,0
62360,0
62361,0
62362,750 watt
62367,0
62368,0
62369,0
62370,0 watt
62374,0
62375,0
62381,400.0 kilogram
62382,0
62383,24 volt
62384,1.4 watt
62394,9 ton
62409,1000 watt
62410,2 gram
62411,50.0 kilogram
62423,0
62424,5 watt
62425,0
62427,0
62428,0
62434,0
62456,15.0 pound
62468,75 gram
62472,21 volt
62473,220.0 pound
62479,0
62484,4 pound
62485,12.5 kilogram
62488,0
62493,0
62504,0
62509,20 volt
62510,0
62522,1 quart
62530,220.0 pound
62536,0
62544,58 millilitre
62558,0
62559,0
62560,0
62561,0
62563,283 gram
62581,0
62582,425.0 pound
62597,0
62601,3 kilogram
62602,1200 watt
62603,0
62604,12 fluid ounce
62612,0
62614,0
62618,0
62619,0
62620,0
62621,0
62625,0
62626,440.0 pound
62627,0
62628,0
62633,3.52 ounce
62640,6.2 pound
62649,2200 watt
62650,0
62651,0
62654,6583 volt
62655,16.9 fluid ounce
62658,0
62666,0
62674,0
62681,21 volt
62691,52 ton
62697,210 millilitre
62703,12 volt
62704,0
62707,320.0 pound
62713,0
62715,0
62730,0
62735,265.0 pound
62736,0
62739,0
62749,0
62750,0
62751,0
62754,5 volt
62760,1 ton
62761,0
62773,4 ton
62785,57.42 pound
62790,490 gram
62807,18 volt
62808,11 watt
62810,0
62811,0
62812,0
62814,0
62815,0
62825,0
62835,0
62837,220.0 pound
62844,0
62845,0
62846,0
62861,0
62862,2000 watt
62863,0
62864,2 fluid ounce
62907,200.0 pound
62913,0
62931,1200 watt
62932,0
62933,2 volt
62939,1 kilogram
62953,410 gram
62955,2 pound
62969,0
62972,0
62973,0
62974,877 watt
62982,2 gram
62994,0
62996,0
63002,4 fluid ounce
63008,55 pound
63014,0
63015,0
63023,0
63032,33.8 fluid ounce
63039,1.3 pound
63040,72 ton
63041,0
63054,50.0 pound
63055,0
63057,0
63061,0
63062,0
63066,0
63067,0
63078,176 gram
63079,220 volt
63080,2200 watt
63085,240 volt
63086,35 watt
63090,5 pound
63092,85 gram
63093,0
63119,0
63120,40 watt
63121,0
63132,0
63137,2 volt
63141,0
63142,0
63143,0
63144,2 volt
63150,0
63151,0
63153,1500 watt
63154,0
63155,473 millilitre
63157,0
63158,482 gram
63162,2 pound
63182,15.2 gram
63189,0
63190,40 watt
63192,0
63193,2 volt
63199,0
63201,0
63212,0
63213,0
63214,0
63221,0
63222,3 kilogram
63236,0
63237,0
63244,0
63247,512 gram
63256,0 litre
63273,0
63279,0
63305,0
63314,1.76 pound
63319,0
63322,0
63327,0
63330,0
63331,0
63341,0
63349,2 ton
63357,0
63358,0
63373,450.0 pound
63380,750 millilitre
63404,0
63407,0
63410,0
63418,16 ounce
63420,120 volt
63421,20 pound
63422,0
63437,0
63438,0
63440,0
63441,0
63447,330.7 pound
63449,0
63450,0
63463,0
63464,0
63468,1 ton
63472,1 gram
63480,330.0 pound
63513,240.0 pound
63520,0
63523,1800 watt
63531,44.0 pound
63536,50.0 pound
63548,0
63549,0
63551,0
63554,0
63555,0
63559,29.7 gram
63574,0
63575,68 watt
63583,0
63584,0
63587,0
63605,330.0 pound
63627,32 fluid ounce
63628,0
63630,0
63631,0
63632,19 watt
63633,0
63635,1 pound
63642,0
63643,0
63644,0
63655,3 millilitre
63664,6 ton
63668,0
63669,0
63686,0.0 ton
63697,16 volt
63698,3 watt
63710,2.5 kilogram
63713,0
63714,0
63715,0
63716,0
63719,95 gram
63720,0
63730,0
63749,0
63750,0
63751,0
63754,0
63760,45 kilogram
63761,20 volt
63791,0
63793,0
63799,0
63812,0
63813,0
63819,265.0 pound
63822,6 ton
63828,0
63829,0
63831,0
63839,240 volt
63840,0
63841,0
63849,1 gram
63850,0
63864,130 pound
63865,0
63872,12 pound
63873,8 pound
63888,0
63889,40 kilogram
63905,0
63915,4 gram
63925,4 gram
63941,6 gram
63945,226.8 gram
63950,0
63953,264.0 pound
63954,264 pound
63955,280.0 pound
63967,51138 gram
63996,0
63997,0
64013,175 kilogram
64014,1931 ton
64023,35 gram
64028,0
64031,0.5 ounce
64035,265.0 pound
64036,13 gram
64038,0
64039,0
64040,0
64051,0
64056,0 volt
64058,0
64061,30 millilitre
64073,0
64077,12 volt
64078,9 watt
64089,41.6 gram
64090,0
64098,15 pound
64099,0
64109,12 volt
64110,0
64125,0
64126,760 watt
64145,2.5 pound
64147,20 watt
64148,0
64149,0
64151,226 gram
64155,600 watt
64156,0
64157,0
64164,0.05 pound
64165,0 watt
64166,0
64169,0
64180,0
64186,06 gram
64187,0
64192,130.0 pound
64202,38 watt
64203,0
64204,0
64212,0
64218,0
64228,45 gram
64230,94.0 kilogram
64232,0
64233,0
64234,3.7 ounce
64250,330.0 pound
64264,22.0 pound
64268,0
64278,18 volt
64280,0
64295,300.0 kilogram
64307,19 ton
64308,0
64309,100.0 pound
64325,24 fluid ounce
64332,70 gram
64336,12 fluid ounce
64338,2.20462262 pound
64343,1 volt
64344,24 gram
64350,20.0 pound
64351,0
64355,0
64356,6 watt
64357,8 ton
64358,0
64368,340.0 pound
64369,0
64370,3060 watt
64371,0
64384,66.7 pound
64385,66.7 pound
64389,0
64390,0
64391,0
64398,8 volt
64399,0
64400,0
64401,0
64402,0
64406,8 fluid ounce
64407,1500 watt
64408,0
64446,1.75 litre
64449,38 watt
64450,0
64464,0
64465,0
64477,0
64478,0
64479,60 watt
64486,59 pound
64487,18 volt
64504,0
64505,0
64509,0
64527,0
64528,0
64529,0
64531,0
64533,0
64534,0
64546,0
64550,0
64551,250.0 kilogram
64552,250 kilogram
64553,0
64559,14 gram
64560,220.0 pound
64563,94 volt
64565,330.0 pound
64570,10 volt
64607,0
64613,0
64614,1800 watt
64617,330.0 pound
64660,0
64675,0
64676,0
64677,0
64678,500 watt
64679,0
64680,50 watt
64681,0
64683,0
64700,4.2 pound
64701,0
64704,0
64705,10 gram
64706,0
64707,0
64708,0
64721,0
64722,5 volt
64723,0
64727,0
64728,5.0 fluid ounce
64733,0
64734,1500 watt
64735,0
64746,200.0 kilogram
64756,300 gram
64763,110.0 pound
64766,0
64777,0
64780,12.2 gram
64791,0
64798,0
64806,0
64833,0
64839,150.0 kilogram
64845,1 gram
64867,48 gram
64874,0
64875,0
64876,0
64888,20208.0 gram
64889,0
64890,0
64891,35.0 pound
64900,0
64901,0
64902,0
64903,300 watt
64904,127 volt
64927,275.0 pound
64935,0
64942,12 volt
64943,0
64944,0
64946,0
64951,35.0 pound
64952,25.4 fluid ounce
64959,3 gram
64978,0
64986,20.3 pound
65000,6.0 quart
65004,0
65007,0
65008,0
65012,0
65016,1.0 pound
65029,200.0 kilogram
65045,0
65052,21 volt
65058,0
65062,2350 gram
65067,0
65068,3 ounce
65069,0
65075,18 volt
65081,0
65084,23.7 fluid ounce
65091,250.0 pound
65092,10 millilitre
65093,720.0 pound
65100,0
65106,0
65113,1 pound
65120,0
65147,24.2 pound
65151,0
65158,0
65161,1082 gram
65167,0
65168,534 watt
65169,0
65175,330 millilitre
65176,12 gram
65185,0
65186,0
65187,0
65195,20 volt
65196,80.0 pound
65198,0
65200,0
65201,11.5 kilogram
65203,5 volt
65204,2 ton
65205,0
65224,12 gram
65225,0
65236,0
65237,0
65239,0
65241,0862 ounce
65250,0
65253,300.0 pound
65264,2.7 ounce
65267,0 watt
65268,0
65281,0.0 ton
65282,0740 ton
65283,0
65284,120 volt
65285,0
65286,0
65287,110 volt
65298,0
65325,04 watt
65326,0
65327,0
65328,700 volt
65344,0
65345,265.0 pound
65356,450.0 pound
65364,0
65365,80 pound
65366,240.0 pound
65375,12 ounce
65386,0
65394,1.2 volt
65401,15 gram
65431,240 volt
65432,25 watt
65436,0
65446,0 millilitre
65451,48 volt
65454,0
65460,0
65461,0
65466,280.0 pound
65476,0
65509,0
65518,0
65531,9 millilitre
65560,0
65561,0
65564,4 watt
65569,0
65570,32 fluid ounce
65575,281 gram
65576,0.0 ton
65577,0
65580,120 volt
65581,0
65609,0
65623,0
65628,0
65629,0
65631,92 ton
65632,0
65634,0
65640,0
65641,354 millilitre
65642,8.0 ton
65643,4 fluid ounce
65656,11 pound
65681,12 volt
65682,0
65685,120 watt
65686,0
65687,0
65692,0
65693,230 volt
65694,0
65695,0
65707,0
65708,22.0 pound
65714,15 gram
65724,2 volt
65738,240 millilitre
65740,652 ton
65743,22 kilowatt
65744,12 volt
65746,5.9 pound
65748,0
65749,69 fluid ounce
65766,119 gram
65770,75.0 pound
65771,60 gram
65779,0
65780,0
65785,3.5 pound
65815,0
65816,15 gram
65817,44.0 pound
65842,0
65845,25.0 pound
65854,600.0 pound
65856,0
65858,1200 watt
65859,4 ton
65861,0
65862,658 gram
65866,300 watt
65867,220 volt
65870,12 volt
65871,0
65880,170.0 pound
65888,0
65905,132.0 pound
65910,3 volt
65911,0
65914,0
65916,6 ounce
65919,176.0 pound
65920,0
65921,660.0 pound
65924,750 watt
65925,0
65934,0
65942,0
65943,0
65944,0
65945,0
65946,0
65961,120 volt
65962,1350 watt
65966,0.10 fluid ounce
65981,4.3 gram
65987,0
65988,60 gram
66006,500 gram
66034,15 ton
66039,220.0 pound
66042,30 pound
66047,0
66048,0
66049,0
66076,68 pound
66081,0
66091,32 fluid ounce
66102,24 volt
66103,9 watt
66104,428 gram
66127,0
66128,13 volt
66138,1.0 pound
66150,0
66174,35 gram
66187,0
66188,1.25 pint
66189,2 volt
66201,85 gram
66202,330.0 pound
66215,0
66218,0
66223,0
66237,300 watt
66238,0
66253,220 gram
66263,2 volt
66264,0
66265,0
66272,1500 watt
66273,0
66275,59 pound
66282,0
66285,1700 watt
66286,0
66296,41896.0 gram
66297,0
66299,0
66306,0
66315,0
66318,24 volt
66333,45.0 volt
66335,0.0 kilogram
66340,0
66341,0
66352,0
66354,0
66358,340 gram
66369,550.0 pound
66371,9 gram
66373,7.5 kilogram
66379,0
66388,0
66389,0
66390,71 ton
66391,0
66430,0
66439,0.0 pound
66453,0
66454,0
66455,0
66468,0
66475,0
66482,0
66483,0
66484,0
66489,400 gram
66494,0
66509,336 gram
66512,12 volt
66513,0
66519,115 volt
66520,3.6 watt
66526,0
66527,75 pound
66528,25 gram
66529,0
66530,2800 watt
66535,0
66536,0
66547,0
66548,125 ton
66559,0
66562,220.0 pound
66579,0
66580,0
66582,32 watt
66583,0
66584,0
66599,6.0 pound
66600,0
66612,65 pound
66620,0
66632,0
66637,2 volt
66638,8 watt
66648,0
66651,800.0 pound
66663,0
66668,23.0 kilogram
66681,8.5 fluid ounce
66689,113 gram
66700,150.0 kilogram
66719,931500 gram
66729,350 gram
66740,4. ton
66741,19 gram
66747,0
66749,2 ounce
66758,411 gram
66775,2 ton
66797,250.0 pound
66799,0
66813,16.3 kilogram
66833,0
66834,330.0 pound
66836,0
66837,200.0 kilogram
66845,0
66846,0
66856,0
66859,0
66867,138 gram
66868,0
66891,18.2 kilogram
66892,191 gram
66894,0
66895,0
66896,0
66909,5 pound
66912,3 kilowatt
66925,0
66927,0
66929,8 volt
66930,0
66938,300.0 pound
66947,220.0 pound
66950,0
66955,12 millilitre
66962,921 volt
66963,0
66979,0
67002,0
67003,0
67004,527.5 gram
67010,38 kilogram
67012,0
67013,31.5 watt
67014,0
67020,0
67022,0
67023,0
67030,88 ton
67033,0
67034,0
67035,200 watt
67036,1.4 pound
67042,0
67044,0
67049,0
67056,0
67059,2.5 gram
67066,0
67068,0
67069,240 volt
67070,0
67080,00 millilitre
67086,1.06 ounce
67087,600 gram
67095,0
67096,0
67100,0
67104,5 gram
67106,0
67109,110 volt
67110,200 watt
67117,20.9 pound
67129,750 watt
67130,0
67146,0
67150,22 watt
67151,240 volt
67160,120 volt
67161,13 watt
67162,0
67171,0
67172,0
67178,324 ton
67179,0
67180,0
67181,120 watt
67189,0
67191,12.1 kilogram
67195,0
67204,0
67226,65 pound
67230,0 volt
67231,0
67235,0
67248,700 watt
67249,0
67250,834 litre
67251,0
67252,5 gram
67257,0
67258,0
67260,0
67263,20 litre
67275,0.04 pound
67276,0
67277,0
67297,0
67307,200 gram
67310,3 kilogram
67324,0
67327,235 gram
67335,0
67342,320.0 pound
67343,0
67344,3 volt
67348,230 volt
67374,0
67382,0
67383,0
67384,60 watt
67388,0
67409,0
67410,0
67413,0
67414,12 watt
67417,0
67418,55.0 pound
67420,0
67421,0
67425,06 volt
67426,0
67429,0.0 pound
67430,2.85 pound
67438,0
67448,10 gram
67449,8.1 gram
67450,02335 millilitre
67456,01 ton
67460,16 ounce
67466,21 watt
67467,0
67468,0
67469,60 watt
67470,0
67472,6 fluid ounce
67480,1. fluid ounce
67486,0
67487,0
67488,0
67489,2 gram
67490,0 watt
67491,244.0 gram
67518,200.0 gram
67531,16 gram
67537,170 gram
67548,220.0 pound
67552,0.7 ounce
67571,0
67575,2 volt
67576,0
67577,4 ton
67580,6.17 pound
67581,600 gram
67583,0
67590,0
67596,0
67597,12 volt
67598,0
67599,0
67601,0
67609,0
67615,4 kilogram
67621,0
67642,0
67645,400 ton
67646,4 ounce
67648,12 millilitre
67656,0
67657,24 volt
67658,0
67678,12 volt
67681,150 gram
67688,0
67710,396 gram
67714,250 gram
67721,6 ounce
67724,63 pound
67729,0
67730,0
67744,0
67745,450 watt
67758,13 volt
67761,12 volt
67762,0.5 watt
67768,330.0 pound
67778,0
67779,0
67780,0
67798,4 litre
67801,414 millilitre
67804,0
67815,17.5 gram
67824,1.6 gram
67826,33 pound
67828,0
67829,0
67837,1 ton
67840,0
67841,13 gram
67842,0.1 gram
67845,355 millilitre
67846,2410 ton
67848,0
67849,0
67856,0
67864,0
67865,0
67870,1 quart
67895,0
67904,0
67905,0
67909,0
67913,16 ton
67919,0
67928,34 kilogram
67935,0
67937,0
67938,200 gram
67942,0
67944,12 volt
67945,150 watt
67954,0
67955,0
67956,0
67973,1 litre
67974,42 gram
67977,016 ton
67987,21 watt
67988,0
67989,0
67994,20 gram
67999,0
68000,25 watt
68001,0
68014,450 watt
68025,2 fluid ounce
68032,0
68044,0
68054,0
68055,0
68056,0
68057,0
68063,0
68074,73 kilogram
68075,0
68076,0
68081,5 ton
68082,0
68090,5.6 pound
68098,100.0 pound
68105,1 ton
68108,0
68110,0
68117,220 gram
68119,0
68120,0
68124,0
68125,4.0 ton
68127,36 volt
68139,0
68144,2 gram
68153,300.0 pound
68155,0
68156,0
68157,0
68166,1.5 ton
68169,52220.0 gram
68174,18 gram
68177,0
68178,0
68183,14.3 pound
68184,600.0 pound
68185,40 millilitre
68192,12 volt
68195,0.10 fluid ounce
68200,0
68201,0
68207,7 ton
68208,1 fluid ounce
68216,0
68217,0
68223,0
68224,190.0 ton
68237,1 kilogram
68238,0
68242,14 gram
68254,0
68255,0
68258,33.0 pound
68260,0
68265,10.0 pound
68275,1976 gram
68278,0 gallon
68281,0
68283,1 pound
68289,0.0 pound
68291,500 watt
68292,0
68293,3.0 pound
68310,0
68323,7 gram
68324,30 pound
68329,0
68330,0
68331,12 volt
68332,0
68350,0
68363,4 gram
68383,0
68386,36 litre
68396,0
68397,0
68411,5 gram
68412,150 gram
68414,137.0 kilogram
68421,22 kilogram
68422,30.0 pound
68423,30 pound
68428,2 ton
68432,912 gram
68448,0
68451,0
68452,0
68455,440.0 pound
68457,0
68458,120 volt
68462,80 gram
68463,0
68464,1500 watt
68465,0
68486,200 gram
68493,027 fluid ounce
68497,330.0 pound
68498,0
68503,0
68519,0
68520,0
68521,0
68522,12 volt
68523,0
68535,5 ton
68551,68 volt
68562,128 millilitre
68563,29 gram
68566,0
68567,0
68568,2 volt
68574,220 pound
68576,0
68579,0
68596,1200 watt
68607,0
68616,1.3 watt
68617,12 volt
68624,0
68638,12 volt
68639,0
68646,0
68652,160 gram
68653,0
68676,0 millilitre
68679,100 millilitre
68680,11 gram
68681,0
68683,0
68684,0
68685,4 volt
68687,26 gram
68689,0
68691,0
68695,0
68696,0
68697,0
68702,12 kilogram
68705,0
68708,02 gram
68713,0
68714,0
68718,0
68721,0
68732,3 ton
68743,0
68749,0
68752,0
68758,0
68759,12 volt
68766,6 volt
68769,0
68782,2.25 kilogram
68785,0
68786,0
68804,2 ton
68811,0
68815,8 gram
68818,0
68819,18 volt
68828,0
68829,5 volt
68833,0
68843,2 watt
68844,0
68849,7.4 volt
68850,1700 watt
68851,0
68885,0
68887,0
68888,0
68898,27.3 gram
68899,2 gram
68912,0
68914,1500 watt
68915,0
68916,0
68918,110 volt
68919,0
68920,0
68923,00 watt
68936,0
68939,2 volt
68941,178 millilitre
68947,8 ton
68950,700 watt
68952,0
68962,10 milligram
68963,1.4 ounce
68969,4 ton
68971,170 gram
68974,0
68982,0
68983,0
68984,0
69004,220 volt
69005,200.0 pound
69020,0
69022,200.0 kilogram
69026,0
69034,0
69035,0
69046,9 ton
69047,260 watt
69060,0
69061,1500 watt
69065,0
69073,24 volt
69074,9 watt
69081,18 volt
69083,0
69084,0
69085,0
69100,0
69101,0
69102,800 watt
69103,39 kilogram
69107,0
69121,0
69145,120 gram
69148,16 gram
69149,0
69150,0
69155,0
69157,18 gram
69170,0
69175,8 gram
69187,1 pound
69189,0
69190,0
69191,0
69199,0
69201,0
69213,0
69217,30 millilitre
69222,20 gram
69229,0
69234,4 gram
69251,0 litre
69252,0
69256,0
69260,0
69270,800.0 pound
69273,0
69274,24 volt
69275,0
69279,5 pound
69281,0
69282,1200 watt
69287,0
69288,18 volt
69292,170 watt
69293,0
69294,0
69295,1 gram
69305,12 volt
69306,0
69314,0
69317,330.0 pound
69318,0
69319,250 gram
69320,0
69321,0
69335,0
69338,0
69339,4 gram
69373,240.0 pound
69377,0
69378,0
69385,1 gram
69393,0
69406,0
69407,7.4 volt
69408,0
69410,265.0 pound
69413,0
69414,0
69415,0
69416,60 litre
69437,0
69438,0
69450,0
69451,300 watt
69452,0
69465,35.0 pound
69469,30.0 kilogram
69473,8 ton
69474,1.49 kilogram
69488,0
69501,240 volt
69502,0
69503,0
69508,0.01 ounce
69509,0
69514,0
69519,0
69522,0
69524,2.5 kilogram
69528,7.0 ounce
69531,0
69533,700 watt
69534,0
69551,24 volt
69552,2.4 watt
69557,570 ton
69559,30.0 pound
69561,12 volt
69568,0
69582,0
69583,0
69584,0
69593,0
69594,1 gram
69595,590.0 gram
69601,0
69602,0
69616,150 millilitre
69617,0
69636,0
69640,0
69641,450.0 pound
69644,0
69645,0
69646,3 watt
69647,0
69648,0
69661,12 volt
69662,0
69666,0
69670,0
69671,00 watt
69672,18010. gram
69681,800 watt
69688,0
69697,0
69707,0
69710,0
69711,0
69718,14 volt
69722,940 volt
69723,0
69724,0
69733,3 pound
69764,0
69765,0
69770,32.0 gram
69783,1500 watt
69784,0
69794,19.2 ounce
69799,0
69803,330.0 pound
69804,24 volt
69805,13 watt
69815,0
69816,1.4 kilogram
69817,3 volt
69851,0
69853,0
69868,1 gram
69889,0
69890,0
69892,0
69893,0
69894,1.75 pound
69895,0
69903,16 fluid ounce
69933,26 gram
69934,80 gram
69939,0
69951,0
69958,0
69959,0
69960,33 pound
69963,0
69964,8 watt
69965,120 volt
69966,0
69967,0
69981,287.0 pound
69982,18 volt
69983,0
69984,0
69999,19 watt
70000,0
70001,0
70002,1 quart
70010,12.0 fluid ounce
70011,0.34 kilogram
70014,0
70017,0
70022,105 volt
70031,0
70039,0
70040,33 ton
70057,0
70058,0
70059,0
70066,01 watt
70067,0
70075,330.0 pound
70078,1.2 pound
70079,5 pound
70081,0
70082,0
70087,0
70091,946 millilitre
70105,24 gram
70106,0
70107,1202 gram
70108,55 pound
70112,0
70114,00121161625 ton
70115,950 watt
70145,127 gram
70146,10. ton
70147,2 gram
70155,91 ton
70156,0
70162,1.5 pound
70167,22.0 pound
70168,6600.0 pound
70169,260.0 pound
70180,4.3 watt
70181,12 volt
70189,02 fluid ounce
70191,74 volt
70192,0 watt
70204,9 ton
70207,57.8 pound
70209,0
70218,2 ton
70244,0
70245,0
70246,0
70247,0
70249,0
70261,907 gram
70272,0
70273,0
70274,0
70292,0
70302,0
70327,0
70328,0
70333,6 gram
70334,0
70337,0
70351,0
70367,0
70371,17.2 kilogram
70376,0
70377,0
70387,18 volt
70391,220.0 pound
70408,0
70421,0
70422,0
70423,0
70424,9.5 watt
70425,0
70426,0
70433,0
70438,46 millilitre
70439,950 watt
70440,0
70441,0
70450,0
70451,0
70453,0
70454,0
70455,5 ton
70472,6 ton
70473,0
70476,3.0 kilogram
70488,0
70489,0
70491,0
70492,0
70493,0
70494,0
70506,0
70513,0
70528,0
70529,0
70538,1750 watt
70544,0
70545,0
70549,8 fluid ounce
70550,031 volt
70562,0
70574,170 gram
70578,220.0 pound
70581,210.0 ton
70583,71 gram
70588,0
70602,0
70605,330.0 pound
70611,17 kilogram
70614,0
70617,0
70621,0
70622,52 gram
70623,0
70633,0
70646,0
70647,0
70648,0
70655,3 ounce
70661,0
70667,100 gram
70669,0
70682,0
70683,0
70684,0
70690,0
70691,1500 watt
70695,0
70696,8 ton
70697,0
70698,0
70705,0
70707,0
70736,21 millilitre
70737,132.0 pound
70738,0
70740,0
70741,0
70743,6 gram
70758,0
70764,0
70779,0
70782,0
70792,0
70793,0
70794,0
70797,10 ounce
70808,0
70809,0
70810,0
70813,330.0 pound
70816,013 ton
70817,0
70818,0
70819,6 ounce
70826,16 kilogram
70833,0
70834,0
70845,0
70846,0
70847,1200 watt
70853,0
70862,315 watt
70863,0
70865,41 pound
70866,0
70869,0
70872,0
70880,2.0 ton
70881,150.0 pound
70887,0
70890,2 pound
70896,209 gram
70908,0
70909,0
70916,0
70917,100 watt
70918,0
70919,3 ton
70926,3 ounce
70931,1.75 litre
70940,90 gram
70951,0
70958,0
70969,0
70976,0
70981,0
70992,7 ton
70998,0
70999,20 volt
71000,8 watt
71010,0
71018,99.2 gram
71031,0
71032,0.9 watt
71047,0
71050,0
71051,3 watt
71052,0
71054,0
71064,0
71065,25.0 pound
71089,0
71090,0
71094,0
71099,0
71100,12 kilogram
71104,23.0 pound
71143,220.0 pound
71150,0
71151,0
71153,120.0 kilogram
71154,120 kilogram
71161,0 millilitre
71165,330.0 pound
71168,150.0 kilogram
71175,350.0 pound
71176,660.0 pound
71201,0
71204,300.0 kilogram
71207,1 pound
71220,0
71221,85 volt
71223,200 gram
71237,250 millilitre
71245,0
71248,0
71251,0
71257,0
71258,0
71261,70 ton
71262,265.0 pound
71263,380.0 pound
71268,0
71275,18 volt
71279,0
71280,48 volt
71290,0
71291,0
71292,0
71303,0
71311,0
71313,0
71314,2 watt
71319,512 gram
71323,8 gram
71349,0
71389,150.0 pound
71390,0
71391,0
71394,0
71397,0
71400,0
71402,9 ton
71417,350.0 pound
71419,40 watt
71420,0
71421,5.5 kilogram
71432,0
71435,220.0 pound
71440,0
71441,1 pound
71444,0
71451,0
71452,0
71456,330.0 pound
71463,0
71464,500 watt
71472,0
71473,0
71489,1.8 kilogram
71492,0
71493,0
71520,0
71528,265.0 pound
71538,0
71539,0
71540,0
71541,300 watt
71542,0
71552,0
71579,0
71590,300.0 pound
71599,0
71607,8 litre
71609,28 volt
71610,0
71642,0
71643,20 volt
71650,0
71651,0
71660,0
71661,0
71662,1200 watt
71664,0
71667,330.0 pound
71682,0
71683,0
71684,0
71690,1 litre
71691,0
71698,125 millilitre
71699,0
71700,0
71706,0
71709,0
71710,0
71717,0
71718,0
71719,9 watt
71720,0
71734,350.0 pound
71743,3 millilitre
71744,15 pound
71764,6.0 pound
71765,6 pound
71766,2 gram
71767,0
71768,0
71769,1500 watt
71770,0
71773,440.0 pound
71774,0
71775,0
71796,400 pound
71797,400.0 pound
71804,0
71805,0
71815,0
71816,0
71817,0
71843,16.75 pound
71846,0
71864,220 volt
71865,0
71892,0
71893,0
71899,220.0 pound
71909,0.0 pound
71915,500.0 pound
71919,0
71920,18 watt
71921,0
71938,44.0 pound
71942,0
71943,0
71944,0
71947,7.3 millilitre
71956,0
71958,6 pound
71962,0
71963,0
71969,0
71970,0
71980,0
71984,0
71985,0
71987,0
71988,0
71991,0
72011,0
72012,0
72013,0
72017,0
72021,24 volt
72022,9 watt
72023,237 millilitre
72029,0.48 kilogram
72043,0
72044,0
72045,800 watt
72051,01 centilitre
72061,0
72068,0
72075,100 gram
72077,250 gram
72090,0
72096,3 ounce
72101,0
72102,0
72124,0
72126,300.0 pound
72135,4 gram
72136,350.0 pound
72137,350 pound
72139,0
72147,0
72148,330.0 pound
72165,1 litre
72169,0
72181,0
72182,0.5 gram
72184,0
72185,0
72186,660 gram
72194,0
72195,60 pound
72199,0
72206,265.0 pound
72212,3 gram
72213,0
72222,0.8768 fluid ounce
72231,75.0 pound
72234,300.0 pound
72240,3 litre
72241,0
72244,0
72247,6.0 ton
72270,0
72271,0
72281,17 ounce
72282,0
72295,143 gram
72312,9.0 gram
72313,9 gram
72315,4 gram
72346,0
72347,0
72358,0
72359,0
72361,0
72362,0
72365,500.0 pound
72377,0
72385,0
72387,0
72396,0
72399,4 gram
72403,0
72404,21 volt
72413,913 gram
72418,0
72419,1500 watt
72420,0
72424,0
72428,94885 gram
72452,0
72454,0
72455,0
72459,0
72465,15 kilogram
72466,15.0 kilogram
72468,48 gram
72470,0
72481,20 watt
72482,0
72483,0
72485,169 fluid ounce
72488,4 ton
72489,1 watt
72494,0
72495,0
72508,0.5 fluid ounce
72534,286.0 pound
72550,150.0 pound
72551,522.0 gram
72554,16 fluid ounce
72557,0
72558,0
72569,9 gram
72573,237 millilitre
72585,450.0 pound
72591,0
72592,0
72611,0
72612,0
72613,35 gram
72620,0
72622,0
72623,0
72629,0
72631,0
72638,100.0 pound
72639,142 gram
72643,3500.0 pound
72650,68.0 pound
72652,0
72657,0
72660,0
72661,120 volt
72662,0
72666,243.0 pound
72671,0
72680,23 gram
72697,0
72698,0
72701,3 ton
72703,0
72704,0
72705,0
72717,0
72718,0
72725,0
72726,0
72727,0 watt
72730,0
72731,0
72732,0
72735,3.5 pound
72739,1350 watt
72740,0
72742,0
72751,0
72760,7.96 kilogram
72761,50 milligram
72766,80 gram
72772,28.0 pound
72773,250.0 pound
72780,0
72801,0
72807,360 volt
72824,0
72827,0
72841,40 pound
72843,330.0 pound
72855,0
72856,0
72871,21 millilitre
72873,0
72874,0
72892,12 ton
72896,0
72897,150 watt
72898,0
72901,0
72902,3.0 gram
72903,0
72905,0
72906,0
72913,8 fluid ounce
72914,0
72916,78 volt
72917,0
72923,0743 litre
72925,300.0 pound
72926,0
72928,32 gram
72934,330.0 pound
72936,265.0 pound
72945,0
72951,220.0 pound
72955,0
72956,440.0 pound
72963,14.0 fluid ounce
72975,60 gram
72979,0
72980,2 fluid ounce
72981,0
72983,1 quart
72991,0
72994,0
72995,26 ton
72996,0
72998,0
72999,1250 watt
73003,0
73004,0
73028,220.0 pound
73043,0
73048,0
73050,0
73055,6 gram
73066,0
73072,0
73079,0
73090,0
73091,0
73109,0
73110,24 volt
73111,0
73113,0
73120,0
73127,2032.0 ton
73128,0
73129,0
73130,0
73134,0
73135,1200 watt
73146,0
73147,40 watt
73148,0
73154,0
73155,0
73161,0
73167,0
73169,0
73192,0
73193,0
73196,0
73209,0
73210,20 volt
73211,52.0 pound
73212,0
73223,0
73226,5 pound
73227,0
73228,0
73230,0
73234,0
73235,0
73243,0
73244,0
73248,0
73251,0
73252,1.2 ounce
73253,3208700352100200 gram
73255,0
73256,0
73257,0
73258,0
73266,0
73278,0
73279,0
73280,65 watt
73286,300.0 pound
73292,0
73293,110 volt
73306,68 millilitre
73310,0
73311,0
73312,0
73339,0
73343,0
73345,0
73346,0
73347,0
73348,0
73355,1350 watt
73356,0
73359,21 ounce
73371,240 gram
73372,4.0 gram
73376,245 gram
73383,1 ton
73385,0
73390,94 gram
73395,8 ounce
73397,45.0 pound
73398,0
73399,0
73418,12 volt
73423,0
73441,0
73457,0
73458,0
73465,48 volt
73468,0
73472,0
73474,0
73480,21 volt
73491,330.0 pound
73494,0
73495,0
73498,0
73499,30 volt
73500,0
73501,0
73508,0
73513,330.0 pound
73514,0
73534,34 ton
73540,0
73546,0
73555,60 gram
73558,0
73559,32 watt
73560,0
73573,3000 watt
73574,0
73575,0
73578,14 pound
73600,0
73604,150.0 kilogram
73609,16.9 fluid ounce
73619,0
73628,0
73630,0
73631,0
73633,0
73634,120 volt
73635,65 watt
73646,300.0 pound
73652,0
73654,0
73656,1450 watt
73657,0
73663,0
73666,170.1 gram
73676,41 gram
73677,3.7 volt
73691,550.0 pound
73699,0
73700,12 volt
73701,0
73703,12 fluid ounce
73713,0
73714,500 gram
73716,0
73717,20 volt
73724,21 volt
73725,0
73730,500.0 pound
73731,1651.0 pound
73742,15 pound
73746,17.2 gram
73749,70 volt
73762,0
73776,3.0 ton
73777,18 watt
73778,0.35 litre
73779,0.01 ounce
73798,55024753 gram
73799,12 fluid ounce
73800,0
73801,9 gram
73804,0
73814,0
73821,0
73830,0
73831,12 volt
73834,0
73835,5 ton
73836,0
73842,48 volt
73854,330.0 pound
73862,0
73867,0
73871,75 litre
73872,2 gram
73878,120 volt
73884,0
73885,60 watt
73893,0
73899,0
73910,4 watt
73911,0
73912,970 gram
73934,0
73935,0
73942,0
73943,2.0 pound
73945,0
73946,0
73971,0 millilitre
73977,0.126 millilitre
73978,0
73979,0
73982,7.0 pound
73986,0
73999,0
74006,21 volt
74009,59 ton
74010,670 gram
74014,0
74015,0
74031,0
74035,0
74036,1000 watt
74042,10 ounce
74048,0
74058,0
74061,1.6 gram
74064,60 kilogram
74075,220.0 pound
74080,65 watt
74081,0
74083,0
74084,5 ton
74085,1500 watt
74098,0
74099,0
74105,0
74107,0
74115,5 volt
74116,0
74117,500 gram
74121,0
74122,0
74125,0
74130,330.0 pound
74133,0
74136,8.0 ton
74153,8 ounce
74190,18.7 pound
74192,414 millilitre
74209,1.0 ton
74213,80.0 kilogram
74214,1400 watt
74215,0
74219,0
74220,0
74225,0
74244,404 gram
74252,0
74253,0
74276,0.0 pound
74285,0
74288,0
74297,0
74301,20 gram
74302,0
74307,18 volt
74308,0
74317,0
74331,0
74332,0
74337,250 gram
74345,0
74346,07 ton
74350,88 ton
74352,450 gram
74355,0
74364,0
74365,0
74366,25.0 pound
74371,0
74372,0
74373,0
74380,24 volt
74382,60 milligram
74383,0
74391,0
74392,0
74393,0
74395,0
74396,0
74400,300.0 pound
74401,16 ounce
74409,0
74410,67.0 ton
74419,0
74422,0
74427,0
74428,0
74437,30 gram
74438,0
74464,0
74465,0
74466,0
74467,0
74484,0
74501,0
74518,0
74519,0
74538,100 millilitre
74540,9 gram
74541,0
74542,0
74552,55 pound
74563,0
74573,0
74574,0
74575,0
74576,24 volt
74589,32 ton
74597,0
74606,0
74609,6.5 ounce
74629,0
74645,23923 ton
74659,1.0 pound
74665,0
74681,108 ton
74683,0
74684,25 watt
74685,22 kilogram
74689,0
74690,25 pound
74699,40 volt
74700,65 watt
74701,100 milligram
74714,1000.0 pound
74715,1000.0 pound
74722,400.0 pound
74744,0
74745,1400 watt
74763,0
74764,0
74765,20 watt
74776,22.0 pound
74784,0
74785,45 watt
74786,0
74792,0
74801,330.0 pound
74803,0
74806,41 ton
74807,530 watt
74808,0
74809,7 pound
74810,0
74811,0
74830,0
74831,5 watt
74832,235 gram
74838,180.0 pound
74860,0
74871,0
74872,500 watt
74876,0
74878,265.0 pound
74879,20 volt
74903,0
74904,240.0 pound
74912,0
74917,150 millilitre
74918,0
74919,0
74920,0
74921,0
74923,5.4 kilogram
74940,0
74954,18.0 kilogram
74957,3 pound
74958,2079 ton
74959,0
74963,22.0 pound
74964,0
74969,0
74979,0
74980,45 gram
74987,0
74988,0
74989,0
74993,0
75000,0
75014,16 gram
75020,0
75021,0
75022,12 volt
75039,3.0 gram
75041,0
75046,41 watt
75047,0
75048,0
75052,150.0 kilogram
75062,0
75068,1.1 pound
75071,4 watt
75072,120 volt
75073,45.0 pound
75081,5.4 pound
75084,120 kilogram
75085,120.0 kilogram
75086,0
75091,0
75093,7 ton
75099,24 volt
75100,0
75101,0
75104,7.0 kilogram
75105,7 kilogram
75111,0
75125,150.0 pound
75133,0
75134,230 volt
75137,0
75138,0
75146,20 watt
75147,240 volt
75148,4.58 ounce
75149,6 ton
75150,0
75151,0
75153,0
75154,4 pound
75157,1 pound
75164,12 gram
75170,12 volt
75171,0
75208,0
75214,0
75219,678 fluid ounce
75222,300.0 pound
75243,14 ton
75244,0
75245,400 watt
75246,0
75257,0
75258,0
75259,0
75262,0
75263,0
75265,0
75266,0
75271,0
75272,0
75274,0
75277,0
75278,9 gram
75279,0
75283,1500 watt
75293,0
75294,0
75295,0
75298,0
75299,265.0 pound
75304,0
75305,0
75313,0
75314,0
75316,0
75317,0
75328,1700 watt
75329,0
75353,0
75368,0
75369,0
75373,0
75377,0
75393,0.0 pound
75399,0
75400,0
75417,0
75427,0
75441,0
75444,1 pound
75446,0
75450,0
75451,204 gram
75452,0
75455,2 kilogram
75456,2.0 kilogram
75459,0
75460,0
75464,6 ton
75468,255 gram
75473,21 volt
75474,2 watt
75483,0
75488,1200 watt
75489,0
75497,0
75504,365 volt
75513,68 ounce
75518,0
75519,0
75524,3.2 kilogram
75527,240.0 pound
75528,120 volt
75537,400 gram
75550,33.8 fluid ounce
75556,0
75558,0
75559,0
75588,0
75589,12 volt
75594,0
75597,0
75598,0
75599,0
75600,0
75603,0
75613,0
75614,0
75615,0
75618,0
75619,0
75620,0
75625,2.6 gram
75626,350.0 pound
75633,0
75634,0
75636,250.0 kilogram
75651,1.8 kilogram
75665,330.0 pound
75678,0
75679,2800 watt
75682,1.1 pound
75690,0
75695,750 millilitre
75706,0
75710,95 gram
75713,0
75719,300.0 pound
75729,0
75730,0
75731,0
75732,9 ton
75733,150 watt
75743,0
75748,3003 ton
75750,123682016 volt
75751,0.7 ounce
75755,10 gram
75778,6 ton
75779,29 watt
75780,0
75804,5.0 ounce
75805,0
75806,80 volt
75807,0
75819,0
75820,250 watt
75821,80.0 gram
75824,0
75825,0
75830,0
75834,1 volt
75836,0
75844,16 ounce
75845,26 ounce
75848,0
75849,0
75850,0
75876,33.0 pound
75894,243.0 pound
75909,0.2 ounce
75910,50 watt
75917,0
75926,141 gram
75927,35 volt
75932,63 ton
75933,0
75934,115 volt
75942,0
75943,0
75944,120 volt
75945,4 ton
75946,330.0 pound
75959,0
75960,1000 watt
75962,0
75963,0
75975,1.65 pound
75984,16 fluid ounce
75991,14.5 ounce
75999,0
76011,55 pound
76032,1 gram
76034,0
76038,24 gram
76039,0
76040,0
76064,454 gram
76069,0
76070,0
76095,0
76096,0
76097,8 litre
76117,250 gram
76120,0
76121,0
76122,28 watt
76127,0
76128,0
76129,330 pound
76137,12 volt
76146,12 volt
76155,3 volt
76156,0
76158,0
76161,0
76168,090 ton
76172,0
76173,3 ton
76174,0
76175,0
76177,0
76186,0
76188,0
76196,0
76197,0
76202,0
76203,20 watt
76204,0
76205,0
76216,0
76227,100.0 kilogram
76229,0
76230,2.27 kilogram
76234,0
76237,0
76250,0
76275,12 fluid ounce
76278,50.0 pound
76288,0
76299,150.0 kilogram
76310,2 ton
76321,4 kilogram
76324,0
76325,0
76330,0
76343,3.0 gram
76347,0
76360,0
76372,5 ton
76375,1509 volt
76385,0
76404,0
76405,24 volt
76449,35 ton
76450,16 fluid ounce
76453,0
76456,8.802 gram
76465,29.5 millilitre
76473,1.7 kilogram
76492,225 gram
76496,0
76501,0
76528,60 gram
76529,0
76530,6 watt
76533,0
76546,2.25 watt
76547,12 volt
76553,0
76561,3.3 pound
76565,0
76572,0
76576,0
76577,0
76578,90.0 pound
76581,255 gram
76596,0
76597,18 volt
76601,6 fluid ounce
76604,18 ton
76641,0
76650,9.0 kilogram
76651,2.4 kilogram
76658,11 pound
76659,450 watt
76660,0
76669,0
76670,0
76683,1.35 pound
76691,0
76692,0
76693,0
76694,0
76700,56 gram
76716,1 gram
76727,1602 watt
76728,0
76730,510 gram
76733,0
76734,0
76738,0
76746,0
76747,0
76752,0
76754,0
76758,0
76759,0
76762,13 watt
76763,0
76764,0
76767,154.0 pound
76769,0
76790,0
76791,12 volt
76797,0
76808,330.0 pound
76826,0
76829,3.6 volt
76831,0
76832,0
76833,0
76837,0
76838,59.0 gram
76853,0
76854,0
76855,0
76865,0
76881,855 ton
76883,1 ton
76884,0
76888,0
76889,0
76892,0
76893,0
76899,220.0 pound
76925,0
76926,0
76927,0
76934,0
76942,3302 gram
76943,12 ounce
76963,0
76966,1 litre
76967,0
76984,190 gram
76985,0
76995,11.5 gram
76999,0
77007,0
77008,0
77021,0
77024,0
77025,0
77034,58 ounce
77038,200 gram
77053,10 gram
77060,24 volt
77061,9 watt
77065,4 volt
77071,1.5 pound
77072,1.5 pound
77078,0
77079,0
77082,9165 gram
77089,5 pound
77092,340 gram
77107,0
77108,94 volt
77114,28 fluid ounce
77116,0
77128,5 ton
77129,0
77130,3.5 ounce
77135,220.0 pound
77140,30.0 pound
77146,220.0 pound
77164,0
77168,0
77170,0
77171,12 volt
77172,0
77174,0
77175,15 pound
77177,0
77191,0 litre
77196,220.0 pound
77200,0
77201,0
77204,0
77205,0
77206,24 watt
77242,0
77247,0
77269,0
77270,6 watt
77288,35 volt
77350,0
77351,0
77398,330 millilitre
77418,0
77419,120 volt
77433,0
77459,18 pound
77460,205.0 gram
77503,120 kilogram
77504,120.0 kilogram
77521,0
77554,0
77555,0
77559,24 gram
77577,1.5 kilogram
77578,1.5 kilogram
77599,2 ton
77603,4 ounce
77638,1.1 volt
77645,3.7 volt
77658,0
77672,20 pound
77691,220.0 pound
77704,3 litre
77706,73 pound
77707,330.0 pound
77710,6600.0 pound
77718,0
77723,8 fluid ounce
77732,0
77760,220.0 pound
77761,220 pound
77768,0.7 watt
77769,0
77783,0
77809,0
77820,8 fluid ounce
77828,25.4 fluid ounce
77831,2 pound
77877,17.6 pound
77878,8 kilogram
77894,550 ton
77895,160 gram
77915,284.0 ton
77958,0
77959,300.0 pound
77966,65 ton
77979,90 gram
77998,0
77999,0
78018,150 kilogram
78019,150.0 kilogram
78038,2.0 gram
78072,80 gram
78073,0
78091,0
78092,550 gram
78095,0
78154,2.15 kilogram
78162,1 pound
78164,10 fluid ounce
78171,0
78188,870 gram
78189,00 millilitre
78194,0
78195,0
78209,14 fluid ounce
78211,0
78241,0
78247,0
78309,0
78357,0
78358,0
78416,0
78435,0
78436,0
78440,60 pound
78450,350 pound
78451,350.0 pound
78464,415 millilitre
78468,75 ton
78478,1 kilogram
78500,1000.0 pound
78537,16.76 pound
78538,0.75 pound
78547,10.4 gram
78570,0
78587,88.0 pound
78615,1100.0 pound
78621,5 ton
78626,164.4 gram
78663,0
78685,0
78742,40 pound
78764,0
78765,0
78781,0.0 kilogram
78838,0
78926,1 litre
78927,0
78928,0
78941,0
78942,0
78948,180 gram
78949,0
78950,0
78992,2.6 pound
79003,30 ton
79026,230 gram
79046,60 gram
79049,0
79050,12 volt
79052,57 ton
79057,80 gram
79078,300.0 pound
79081,0
79082,0
79090,0
79091,0
79094,0
79109,160.0 pound
79121,90 gram
79151,3.2 kilogram
79156,0
79180,0
79181,70 watt
79188,0
79189,0.0 ton
79202,20 kilogram
79219,0
79220,0
79286,250 kilogram
79287,550.0 pound
79298,0
79299,240 ton
79329,128 gram
79345,250.0 pound
79346,250 pound
79357,1 pound
79368,2 gram
79396,0
79428,950.0 gram
79429,950 gram
79446,24 volt
79447,2.20 watt
79473,12 gram
79493,6 ton
79509,15 pound
79523,300.0 pound
79545,0.1 pound
79546,0.1 pound
79557,16.5 pound
79576,5 gallon
79578,190 gram
79584,0
79587,473 millilitre
79605,0
79606,0
79617,0
79618,0
79646,12 volt
79647,0
79665,86 pound
79676,16.9 fluid ounce
79697,0
79706,0
79727,375 millilitre
79760,0
79812,0
79813,0
79822,300.0 pound
79830,16 fluid ounce
79831,30 pound
79858,22.0 pound
79859,22 pound
79862,150.0 pound
79895,2 ton
79900,77 gram
79901,77.0 gram
79911,0
79933,250.0 pound
79934,250 pound
79939,0
79951,6.0 watt
79952,12 volt
79997,236 millilitre
80058,0
80059,2950 watt
80061,0
80062,0
80074,0
80077,0
80078,0
80100,0
80101,0
80125,154.0 pound
80130,0
80131,0
80139,120 gram
80143,350.0 kilogram
80205,1 pound
80242,0
80243,320 gram
80249,0
80250,0
80263,0
80288,8 fluid ounce
80298,0.0 pound
80362,0
80363,15 pound
80376,0
80405,512 gram
80419,1 kilogram
80420,30 pound
80436,2.65 ton
80439,176.0 pound
80459,80 litre
80490,331.0 pound
80503,0
80506,7.68 kilowatt
80507,0
80508,0
80534,285.0 pound
80587,330.0 pound
80588,330 pound
80599,0
80629,0
80634,440 pound
80635,440.0 pound
80654,25 pound
80656,0
80679,0
80692,0
80696,3 millilitre
80745,0
80770,37 ton
80782,0.25 pound
80849,150.0 pound
80871,200 gram
80872,0
80873,0
80893,0
80938,0
80981,50 pound
80989,330 pound
80990,330.0 pound
81010,217 gram
81017,84 ounce
81018,286 millilitre
81103,0
81108,0
81111,24 ton
81119,0
81139,196 gram
81180,1.1 kilogram
81232,0
81240,240 gram
81271,0
81272,0
81329,0
81342,0
81374,0
81375,0.0 kilogram
81386,41 gram
81388,0
81396,0
81397,0
81410,0
81416,0
81422,5000 gram
81439,0
81450,42 gram
81494,91 litre
81495,2 litre
81521,150.0 ton
81522,150 ton
81526,0
81527,0
81537,6.2 pound
81576,400.0 pound
81608,0
81609,0
81643,1.9 fluid ounce
81701,650.0 pound
81705,6853 gram
81726,2.3 pound
81733,0.9753 kilogram
81747,0
81762,45 pound
81765,0
81774,1 pound
81778,4.0 ton
81788,50 gram
81789,32 fluid ounce
81892,2.0 ton
81921,65 watt
81922,0
81953,24 volt
81954,1.2 watt
81967,0
82003,75 kilogram
82006,300 kilogram
82007,300.0 kilogram
82008,0
82009,0
82021,3 gram
82026,0
82027,0
82049,6 gram
82054,33 fluid ounce
82069,173 gram
82070,173.0 gram
82094,110 volt
82096,0
82107,0
82108,12 volt
82116,330.0 pound
82117,330 pound
82133,1.5 fluid ounce
82142,0
82158,440.0 pound
82165,10 fluid ounce
82192,150 gram
82194,50000 gram
82216,2.81 pound
82219,3.3 pound
82220,3.3 pound
82229,25.0 gram
82230,25 gram
82231,0
82246,64 gram
82268,300.0 kilogram
82291,0
82295,1 litre
82344,12 volt
82345,0
82346,0
82373,10 pound
82416,25.0 pound
82490,0
82494,0
82502,0
82524,0
82544,0
82605,7 gram
82606,250 kilogram
82607,250.0 kilogram
82616,0
82660,0
82667,0
82678,236 millilitre
82679,118 millilitre
82687,136 gram
82725,0
82726,0
82727,0
82728,0
82738,500 gram
82741,32 fluid ounce
82769,270 millilitre
82800,0
82823,0
82834,32 fluid ounce
82842,0
82870,0
82871,22 pound
82915,70 gram
82916,70.0 gram
82944,87330055588 ton
82992,0
82993,0
83007,0
83008,0
83013,20 pound
83014,350 gram
83015,11 volt
83054,172 gram
83055,172.0 gram
83126,16.9 fluid ounce
83133,130.0 pound
83139,0
83157,165.0 pound
83163,66.0 pound
83182,2.2 pound
83183,330.0 pound
83193,4 pound
83202,0
83203,0
83204,300.0 kilogram
83205,0
83214,0
83271,265.0 pound
83272,9 pound
83312,13.5 fluid ounce
83340,220 volt
83341,185 watt
83355,0
83356,0
83382,0
83419,7.0 kilogram
83420,7 kilogram
83422,0
83469,0
83472,0
83491,3 kilogram
83492,3.0 kilogram
83507,0
83517,0
83518,0
83519,0
83550,0
83556,8.5 fluid ounce
83587,10.0 pound
83607,2519 ton
83614,110 volt
83615,300 watt
83619,150.0 kilogram
83620,150 kilogram
83641,3450 watt
83642,0
83650,5 gram
83701,403 gram
83718,140 gram
83727,0
83732,20 gram
83738,0
83762,0
83769,15 pound
83770,9.0 kilogram
83771,3.5 kilogram
83772,6 gram
83791,26 gram
83792,26.0 gram
83795,0
83796,0
83802,0
83803,0
83814,20 watt
83815,3.0 ton
83817,0
83820,10 pound
83828,0
83829,0
83855,0
83857,60 pound
83873,0
83874,39 pound
83884,1.1 pound
83889,0
83919,45 pound
84002,350.0 pound
84018,8.0 kilogram
84019,8 kilogram
84042,3.8 pound
84067,0
84094,2 ton
84113,111 gram
84114,111.0 gram
84134,640 millilitre
84232,20 volt
84233,21 watt
84234,64 centilitre
84242,20 watt
84243,0
84244,304 ton
84251,750 millilitre
84263,0
84264,100 gram
84292,16 fluid ounce
84298,0
84302,0
84303,8 ton
84317,0
84324,8 gram
84339,0
84369,1.20 kilogram
84377,0
84382,0
84421,0
84422,0
84458,0
84459,20 volt
84462,1 ton
84498,300.0 pound
84506,8 gram
84538,0
84547,0
84557,2.6 pound
84587,0
84588,1.5 gram
84594,0
84604,330.0 pound
84605,1.27 pound
84652,0
84653,0
84654,0
84684,0
84685,0
84743,110.0 pound
84762,16.9 fluid ounce
84791,0
84842,10 pound
84856,2.0 kilogram
84857,2.0 kilogram
84871,40 pound
84885,330 pound
84886,330.0 pound
84892,0
84940,5000.0 pound
84942,0
84943,0
84953,90.0 gram
84954,90 gram
84962,0
84971,0
84972,2.25 watt
84976,150 gram
85043,0
85044,0
85045,0
85095,0.5 kilogram
85143,61 watt
85144,0
85204,0
85205,0
85251,10 pound
85305,0
85306,30 watt
85307,6 gram
85308,6.0 gram
85320,128 gram
85338,0
85351,11021.0 gram
85352,420 gram
85354,0
85355,0
85359,0
85369,0
85371,5 pound
85394,0
85395,0
85409,0
85434,9 ton
85488,1000 gram
85499,8 fluid ounce
85521,0
85522,0
85527,0
85539,0
85547,0
85548,0
85552,0
85553,0
85565,0
85566,0
85599,40 pound
85601,0
85640,20 millilitre
85649,169 fluid ounce
85652,0
85711,0
85714,0
85719,330 pound
85720,330.0 pound
85723,220 pound
85724,220.0 pound
85737,10 gram
85738,50 milligram
85754,5.0 kilogram
85755,4. kilogram
85774,32.6 pound
85801,8 fluid ounce
85803,67 gram
85804,67.0 gram
85814,1.2 volt
85826,8.2 ounce
85831,100 litre
85877,0
85880,7 gram
85918,1 gram
85963,150.0 pound
85985,0
85986,0
85987,30.0 pound
85989,0
85990,1979 ton
86002,1500.0 pound
86017,0 litre
86042,0
86045,50.0 pound
86046,3 pound
86052,80 gram
86101,0
86111,8 ounce
86131,0
86234,6601.0 pound
86239,0
86246,472 gram
86261,32 fluid ounce
86271,6.3 watt
86272,2003 ton
86278,0
86291,0
86300,260.0 gram
86301,260 gram
86334,0
86335,0
86358,500.0 pound
86360,12 fluid ounce
86361,0
86362,0
86382,500 gram
86404,0.0 pound
86405,0
86435,0
86437,0
86463,3 kilogram
86464,13.0 kilogram
86487,3.40 gram
86502,195 gram
86516,0
86527,0
86546,0
86560,12 gram
86569,4 ton
86570,5 gram
86571,0
86572,0
86584,0
86599,100 gram
86600,0
86601,0
86623,5.5 pound
86633,0
86698,0
86715,6 gram
86731,400 ton
86732,18 watt
86735,0
86740,0
86741,8 ton
86742,0
86759,400.0 kilogram
86760,400 kilogram
86774,240 gram
86782,1 ton
86801,2 pound
86824,0
86825,0
86830,500 gram
86835,160 watt
86836,0
86851,0
86852,65 watt
86854,66.0 pound
86875,236 millilitre
86906,16 fluid ounce
86927,0
86938,8 ton
86962,2.6 ton
86963,230 watt
87004,1 ton
87024,0
87045,23 gram
87061,350.0 pound
87073,125 millilitre
87078,0
87112,14 ounce
87119,0
87142,0
87143,0
87183,260 watt
87184,0
87195,0
87200,0
87238,0
87253,75.0 pound
87292,0
87309,4.35 kilogram
87315,0
87377,0
87382,0
87389,5 ton
87404,0
87405,212 millilitre
87409,0.0 pound
87427,710 millilitre
87430,2 gram
87437,0
87449,1.2 watt
87450,5 volt
87458,1.0 pound
87460,0
87462,223 gram
87463,223.0 gram
87464,0
87465,0
87480,60 pound
87490,100.0 gram
87491,100 gram
87500,19.2 pound
87501,440.0 pound
87530,55 pound
87549,0
87612,220.0 pound
87613,220 pound
87619,2 fluid ounce
87642,0
87643,0
87660,330.0 pound
87674,0.46 pound
87675,1.0 gram
87701,0
87717,0
87722,15 ton
87723,15 watt
87759,0
87767,4 gram
87773,0
87784,0
87785,0.0 gram
87799,39 gram
87805,0
87821,0 litre
87836,0
87859,20 fluid ounce
87863,120 volt
87864,280 watt
87919,434 gram
87922,4 gram
87930,0
87942,2 watt
87943,2 volt
87977,0
87987,90.0 pound
88010,0
88113,60 pound
88140,0
88141,0
88150,256 gram
88163,12.5 fluid ounce
88171,0
88196,168.0 fluid ounce
88250,0
88264,0
88265,2.5 kilogram
88310,5 kilogram
88341,9 gram
88357,0
88358,600 watt
88359,20.2 pound
88360,20.2 pound
88374,0
88381,0
88382,0
88391,18 gram
88396,0
88432,0
88433,8.8 gram
88434,8.8 gram
88435,0
88436,108 pound
88471,85 gram
88506,2.54 pound
88508,2200.0 pound
88520,24 kilogram
88577,85 pound
88602,6614.0 pound
88603,3.0 ton
88604,0
88622,400 gram
88624,0
88650,0
88686,0
88688,1 gram
88702,440 pound
88703,440.0 pound
88736,0
88737,55 pound
88756,0
88769,4 litre
88770,770 pound
88775,70 pound
88780,3 gram
88792,400.0 pound
88825,0
88849,300.0 pound
88850,300 pound
88853,196.0 gram
88854,196 gram
88870,14 kilogram
88884,13.0 pound
88885,3.3 pound
88896,552 litre
88898,0
88906,3.8 pound
88909,0
88913,12.5 ounce
88954,3 watt
88955,98 gram
88969,1 gram
88970,2 gram
89014,24 volt
89015,1 watt
89023,0
89029,6 gram
89040,3.3 ounce
89065,2. ton
89102,12 ounce
89111,0
89199,0.0 kilogram
89200,0
89209,1.0 kilogram
89210,0
89225,0
89229,365.0 pound
89243,320 gram
89308,0
89335,0
89336,0
89351,0
89352,0
89396,180.0 pound
89423,0
89424,5 gram
89428,5.3 pound
89449,0
89468,260.0 pound
89469,120 kilogram
89550,0
89551,0.0 ton
89564,0
89573,0
89574,65 watt
89639,330 pound
89640,330.0 pound
89675,1.32 watt
89676,2 volt
89677,1.2 gram
89680,21 fluid ounce
89686,3.7 litre
89716,19.4 pound
89729,0
89751,52.0 pound
89752,52 pound
89772,1500.0 pound
89773,1500 pound
89806,0
89810,290.0 pound
89818,0
89840,6 pound
89841,6.0 pound
89845,24 ton
89854,2.9 pound
89855,2.4 pound
89876,18 pound
89879,800.0 pound
89899,0
89900,0
89904,175 gram
89942,0
89945,12 gram
89948,0
89970,235.0 gram
89971,235 gram
89995,0
89996,15.0 kilogram
90028,66.0 pound
90031,250 millilitre
90032,0
90043,452 gram
90059,300 kilogram
90060,300.0 kilogram
90066,118 millilitre
90074,0
90163,946 millilitre
90202,0
90204,0
90216,70 pound
90231,0
90250,2 gram
90260,10 pound
90268,0
90276,0
90284,2 ton
90285,90 millilitre
90296,6 gram
90310,0
90330,0
90364,1 ton
90369,0
90372,3.85 pound
90426,600.0 pound
90427,3 ton
90433,350 gram
90460,0
90461,0
90466,0
90472,250 millilitre
90478,0
90479,0
90489,0
90540,55.0 pound
90543,5 volt
90544,4 watt
90557,16 fluid ounce
90559,150.0 pound
90565,0
90588,0
90589,0
90651,0
90654,15 kilogram
90655,15.0 kilogram
90678,0
90679,0
90684,0
90708,180 gram
90719,154 gram
90720,0
90730,40.0 kilogram
90731,40 kilogram
90740,350.0 pound
90746,0
90747,0
90749,13.7 gram
90750,0
90751,15.0 kilogram
90757,20 gram
90780,2 pound
90784,0
90798,0.72 pound
90807,0
90836,25 watt
90837,0
90838,0
90858,20 watt
90859,0
90862,0
90863,0
90870,0
90871,0
90894,0.66 pound
90925,0
90926,0
90933,0
90936,2 ton
90950,40.8 pound
90951,40.8 pound
90955,750.0 pound
90957,177 millilitre
90958,0
91006,0
91010,10.5 millilitre
91011,12 fluid ounce
91018,0
91020,0
91021,0
91060,0
91074,0
91087,0
91109,0
91110,0
91147,0
91161,0
91189,0
91198,0
91235,520.0 gram
91236,1. ton
91244,0
91245,0
91269,12.1 ounce
91283,45 pound
91295,0
91306,0
91318,990.0 pound
91319,990 pound
91325,0
91326,440.0 pound
91329,0
91333,202.0 ton
91341,6 gram
91345,0
91346,5 volt
91358,60 pound
91375,0
91376,0
91384,20 ton
91398,0
91399,7.4 volt
91419,5 millilitre
91435,5678 litre
91453,0
91462,0
91467,16 litre
91489,0
91500,0
91501,1.0 gram
91516,8 pound
91529,0
91560,0
91561,0
91570,2 gram
91594,0
91605,0.640 kilogram
91623,0.43 kilogram
91624,3400 watt
91625,100 ton
91646,385 pound
91648,5.0 kilogram
91649,0
91657,0
91658,0
91665,70 ton
91687,0
91694,26 pound
91702,8 gram
91732,86 gram
91757,0
91767,0
91768,0
91770,70 pound
91800,180 kilogram
91801,180.0 kilogram
91807,0
91836,150.0 pound
91854,0
91861,4 gram
91871,8 litre
91873,0
91900,0
91901,9.0 ton
91902,9 ton
91904,2.5 pound
91905,30 millilitre
91923,0
91932,0
91997,0
91998,0
92010,14 gram
92099,333 gram
92102,2.5 kilogram
92113,66 gram
92131,15 pound
92155,0
92156,12 volt
92179,8 fluid ounce
92191,5.5 pound
92209,5 pound
92225,0.01 ounce
92236,3.8 pound
92250,0
92261,0
92262,0
92277,116 gram
92286,300.0 pound
92324,0
92364,0
92365,70 watt
92366,0
92376,16 fluid ounce
92377,30 gram
92384,63013 centilitre
92388,0
92391,0
92392,8 ton
92409,142 gram
92421,0
92422,1 watt
92438,0
92471,0
92497,60 ounce
92512,0
92518,24 volt
92519,12.2 watt
92573,0.35 kilogram
92585,0
92586,0.0 ton
92589,128 gram
92607,400.0 pound
92631,6 pound
92632,6.0 pound
92656,6 gram
92673,0
92682,1.45 pound
92683,0
92690,0
92700,0
92719,0
92749,0
92750,45 watt
92760,150.0 kilogram
92761,150 kilogram
92776,4 gram
92786,8 fluid ounce
92809,09 watt
92810,13 volt
92811,7 ounce
92812,20 gram
92821,0
92834,0
92861,0
92862,45 watt
92886,0
92910,171 gram
92911,171.0 gram
92915,0
92916,0
92917,15 volt
92922,19.61 fluid ounce
92931,218 gram
92934,0
92935,0
92947,0
92995,2.0 ton
93014,750 millilitre
93036,800.0 pound
93063,40 gram
93064,0
93073,0
93083,0
93097,35.9 pound
93108,0
93123,0
93125,0
93147,473 millilitre
93155,0
93156,0
93171,0
93173,40 kilogram
93174,40.0 kilogram
93180,24 volt
93181,0
93187,265.0 pound
93200,22 fluid ounce
93212,8888546 gram
93219,4.3 pound
93225,275.0 pound
93294,0
93347,0
93359,16.9 fluid ounce
93378,0
93392,176.0 pound
93432,150.0 pound
93457,0
93461,0
93475,0
93494,45 pound
93502,0
93512,1600 gram
93516,70 gram
93531,405.0 gram
93546,0
93552,0
93561,330.0 pound
93605,0
93616,0
93659,8 fluid ounce
93666,8 gram
93681,2.04 ounce
93708,350.0 pound
93794,128 gram
93800,300.0 pound
93822,0
93823,1.0 kilogram
93824,1 kilogram
93860,0.5 fluid ounce
93870,0
93874,0
93880,500.0 pound
93894,0
93895,0
93896,0
93916,0
93923,10 kilogram
93924,22.0 pound
93925,0
93961,40 gram
93966,0
93972,25 pound
93994,453 kilogram
94032,0
94043,6 fluid ounce
94047,255 gram
94084,0.4 pound
94094,32 gram
94100,400.00 ton
94101,5 watt
94102,0
94108,35.0 pound
94109,2 gram
94119,0.32 pound
94122,0
94133,443 gram
94144,3 litre
94150,55 kilogram
94153,1200 watt
94174,2 ton
94218,0
94219,0.0 kilogram
94221,0
94241,0
94243,16 pound
94244,4 gallon
94270,0
94281,0
94295,32 gram
94300,2.54 pound
94306,5 pound
94308,3.95 pound
94309,200.0 pound
94321,44.0 pound
94325,0
94331,219 gram
94332,219.0 gram
94346,1 gram
94431,0 litre
94432,440.0 pound
94433,440 pound
94435,32 gram
94442,16 fluid ounce
94443,0 watt
94444,0
94486,250 millilitre
94502,2.0 kilogram
94503,2 kilogram
94527,22.0 pound
94541,1600.0 pound
94547,2 fluid ounce
94561,0
94612,400 gram
94619,0
94624,6 gram
94630,0
94653,166 gram
94666,36 pound
94682,0
94683,0
94702,0
94708,16.5 ounce
94725,0
94754,2 gram
94756,126.00 gram
94767,2 pound
94771,1958 litre
94809,7 pound
94851,0
94859,256 gram
94863,0
94901,30 watt
94902,220 volt
94920,0
94923,0
94928,120 volt
94929,77194 watt
94938,0
94940,0
94977,0
94978,0
94981,0
94986,0
94987,0
95000,0
95001,550 watt
95017,0
95024,0
95060,150.0 kilogram
95061,150 kilogram
95084,35 pound
95088,0
95094,0
95120,0
95121,0
95159,500.0 kilogram
95160,500 kilogram
95169,4 gram
95172,0
95173,15 watt
95199,73 millilitre
95208,0
95214,0.77 pound
95230,8 gram
95238,11 gram
95246,5 ton
95247,150.0 gram
95250,0
95261,128 gram
95262,0
95265,8 fluid ounce
95271,0
95272,1.4 kilogram
95316,0
95317,0
95322,0
95323,12 volt
95324,0
95325,0
95326,0
95327,0
95368,0
95435,26 gram
95460,18 ounce
95484,0
95500,0
95506,0.5 pound
95511,207 gram
95533,15 millilitre
95542,215 watt
95543,0
95562,6 watt
95563,240 volt
95583,0
95584,0
95678,40 kilogram
95679,88.0 pound
95700,0
95705,8.7 ounce
95738,30 gram
95777,220 volt
95778,0
95792,0
95793,0
95812,0
95829,44.0 pound
95850,0
95901,25 watt
95902,0 volt
95907,0.93 kilogram
95912,0
95932,0
95933,0
95949,32 litre
95953,0
95954,18 watt
96003,0
96004,0
96011,120.0 kilogram
96012,0
96044,110 gram
96049,0
96050,0
96066,0
96078,202.8 fluid ounce
96082,50.0 kilogram
96083,50 kilogram
96084,330.0 pound
96090,8 litre
96096,16 gram
96098,1230 gram
96101,0
96102,2000 watt
